theme_name,set_name,prod_long_desc,list_price,piece_count,ages,review_difficulty
Star Wars™,Death Star™,"Reenact amazing scenes from the Star Wars saga with the Empire’s ultimate planet-zapping weapon—the Death Star! With over 4,000 pieces, this fantastic model has a galaxy of intricate and authentic environments, including a superlaser control room, Imperial conference chamber, hangar bay with moving launch rack and Lord Vader’s TIE Advanced with space for Vader inside, Emperor Palpatine’s throne room, Droid maintenance room, detention block, trash compactor, tractor beam, cargo area, turbo laser with spring-loaded shooters and seats for the 2 Death Star Gunners, and 2 movable turbo laser towers. This fantastic set also includes 23 iconic minifigures and 2 Droids to ensure hours of Star Wars battle fun.
Build the giant, super-detailed ultimate battle station of the evil Empire
Includes key locations and features from Star Wars: Episode IV A New Hope and Star Wars: Episode VI Return of the Jedi
Includes 23 minifigures: Grand Moff Tarkin, Darth Vader, Emperor Palpatine, Imperial Navy Officer, Imperial Officer, 2 Stormtroopers, 2 Death Star Troopers, 2 Emperor’s Royal Guards, 2 Death Star Gunners, Death Star Droid, Obi-Wan Kenobi, Chewbacca, Princess Leia, C-3PO, Han Solo (disguised), Luke Skywalker (Tatooine), Luke Skywalker (disguised) and Luke Skywalker (Final Duel), plus R2-D2, an Imperial Astromech and a buildable Dianoga trash compactor monster
LEGO Star Wars building toys are compatible with all LEGO construction sets for creative building
Measures over 16” high and 16” wide
4,016 pieces – For boys and girls 14 years and older",499.99,4016.0,14+,Challenging
Disney™,The Disney Castle,"Bring the magical world of Disney to your home with The Disney Castle. This highly detailed LEGO® model with over 4,000 pieces offers a rewarding build and play experience, and comes with an array of exciting Disney-themed features and functions. The intricately detailed facade and towers replicate the iconic Walt Disney World® Resort Cinderella Castle, and each accessible castle room includes special features inspired by some of Disney’s greatest animated feature films, providing endless play possibilities with the included minifigures: Mickey Mouse, Minnie Mouse, Donald Duck, Daisy Duck and Tinker Bell, or other characters from your collection.
Includes 5 minifigures: Mickey Mouse with a tuxedo, Minnie Mouse with red dress, Donald Duck with classic outfit, Daisy Duck with pink skirt, lavender colored shoes and a bow, and Tinker Bell with wig element, skirt, wings and a magic wand.
The Disney Castle features a detailed facade with a stone bridge, clock, wide arched entrance, ornate balconies, spired towers, plus a four-story main building and a five-story, golden-spired main tower, both containing rooms with assorted Disney-inspired features and elements.
Castle main building first floor features the main hall with large arched doorway, mosaic floor tiling, ornate chandelier, suits of armor, shield-decorated walls, grandfather clock, floor-standing vase with buildable flower elements, magic carpet and a golden lamp.
Castle main building second-floor room features buildable dark-blue curtains with curtain pole, ornate buildable candelabra and rose, and glass case elements.
Castle main building third-floor room features a chest with book of spells, mop and bucket elements, and access to the main tower second-floor room.
Castle main building fourth-floor bedroom features a detailed bed with decorative golden headboard elements.
Main tower first-floor kitchen features a large redbrick-patterned stove, workbench, buildable broom and pumpkin, plus pots, pans and assorted kitchen and food elements.
Main tower second-floor room includes a spinning wheel and access to the castle main building third-floor room.
Main tower third-floor room features a chest containing brush, scissor and lock of black hair elements, plus a balcony with 2 stud shooters for a firework-display function.
Main tower fourth-floor room features a golden mirror, plus red apple and glass vase elements.
Main tower fifth-floor room features a window bench and an arched window.
Also includes 2 frogs and a golden crown element.
Remove part of the roof section to discover the glass slipper element and fairy-tale book element with printed cover.
Launch the fireworks and let the magic begin!
Combine with other LEGO® minifigure characters for endless adventures!
This set offers an age-appropriate building experience for ages 16 and over.
This set includes over 4,000 LEGO® pieces.
The Disney Castle measures over 29” (74cm) high, 18.8” (48cm) wide and 12” (31cm) deep.",349.99,4080.0,14+,Challenging
Disney™,Silent Mary,"Bring the magic of Disney’s Pirates of the Caribbean to your home with this impressive replica of the Silent Mary ghost ship. This highly detailed LEGO® model with over 2,200 pieces features a hinged bow section, opening skeleton hull with decay and destruction detailing, movable rudder, collapsible main mast and two further masts, long bowsprit with crow’s nest and mast, tattered sails, detailed quarterdeck, plus a rowboat with two oars and an array of weapons and accessory elements. This model provides a rewarding build and play experience, and the integrated stand makes it suitable for display in the home or office. Also includes eight minifigures: Captain Jack Sparrow, Henry, Carina, Lieutenant Lesaro, Captain Salazar, Officer Magda, Officer Santos and the Silent Mary Masthead, plus two detachable ghost sharks.
Includes eight minifigures: Captain Jack Sparrow, Henry, Carina, Lieutenant Lesaro, Captain Salazar, Officer Magda, Officer Santos and the Silent Mary Masthead, plus two detachable ghost sharks.
Features a hinged bow section, opening skeleton hull with decay and destruction detailing, movable rudder, three masts including a collapsible main mast, long bowsprit with crow’s nest and mast, tattered sails, detailed quarterdeck, plus a rowboat with two oars.
Weapons include two gray swords, three black swords and a pistol.
Also includes the Silent Mary Masthead’s shield and sword elements.
Accessory elements include a compass, sextant, monocular, two brooms and a ship-in-a-bottle.
Special elements include Captain Salazar’s hairpiece and a decorated Galileo Diary with printed cover and astronomy page.
Raise the hinged bow section and open the skeleton hull to switch from sailing mode to attack mode.
Open the mid-hull section to access and release the ghost sharks.
This set includes over 2,200 pieces.
The Silent Mary with the main mast in vertical position measures over 18” (48cm) high, 26” (68cm) long and 8” (22cm) wide, and over 14” (36cm) wide with the main mast collapsed.",199.99,2294.0,14+,Average
Star Wars™,Kessel Run Millennium Falcon™,"Travel with Han Solo, Chewbacca and their friends with the LEGO® Star Wars Kessel Run Millennium Falcon. This LEGO brick version of the iconic Corellian freighter from the Han Solo movie features a 2-minifigure cockpit with detachable canopy, 2 spring-loaded shooters, sensor dish, ramp, rotating top and bottom laser turrets with 2 gunner seats, plus a detachable escape craft. This amazing Star Wars toy also features opening hull plates for easy access to the detailed interior, which includes a cargo area with couch and Dejarik hologame table, bar, bunk, missile storage compartment, and a buildable hyperdrive with repair tools. Also includes 6 minifigures and a DD-BD droid.
Includes 6 minifigures: Han Solo, Chewbacca, Qi’ra, Lando Calrissian, Quay Tolsite and a Kessel Operations Droid, plus a DD-BD droid.
Features a 2-minifigure cockpit with detachable canopy, 2 spring-loaded shooters, sensor dish, ramp, rotating top and bottom laser turrets with 2 minifigure gunner seats, detachable escape craft and opening hull plates for easy access to the detailed interior.
Interior includes a cargo area with 2 containers, navigation computer, couch and Dejarik hologame table, a bar, bunk, missile storage compartment, and a hyperdrive with repair tools.
Weapons include 2 blaster pistols, a blaster rifle and Lando’s blaster.
Also includes electrobinoculars.
Open up the hull plates and play out adventures from the Han Solo movie inside.
Play Chewbacca at Dejarik… but remember he's a sore loser!
This LEGO® Star Wars toy is suitable for ages 9-14.
Measures over 4” (11cm) high, 18” (48cm) long and 11” (30cm) wide.",169.99,1413.0,7-14,Average
Marvel Super Heroes,The Hulkbuster: Ultron Edition,"Build and display this superhero toy—a highly detailed LEGO® brick version of the Hulkbuster mech, featuring a rotating torso, posable fingers, arms, legs and feet, and glow-in-the-dark elements. Choose from 2 interchangeable left arms, including a jackhammer arm with punching function, and activate the LEGO light brick in the chest. This LEGO Marvel Super Heroes The Hulkbuster: Ultron Edition set also includes a display platform with alternate attachment points for posable robotic construction arms and a desk, plus a new-for-March-2018 Iron Man Mark 43 minifigure.
Includes a new-for-March-2018 Iron Man Mark 43 minifigure.
Hulkbuster features a flip-up head, rotating torso, posable fingers, arms, legs and feet, LEGO® light brick in the chest, 2 interchangeable left arms—a standard arm or jackhammer arm with punching function and 12 glow-in-the-dark elements.
Activate the chest light by pressing the button on the Hulkbuster's back.
Platform features a flip-up Hulkbuster information plate, plus 8 alternative attachment points for 2 posable robotic construction arms and a desk with 2 attached computer screen elements and space for the buildable hotrod car and buildable Veronica satellite.
Clip the spare Hulkbuster arm to either of the robotic construction arms for neat display.
Also includes a fire extinguisher element.
This superhero toy is suitable for ages 14+.
Hulkbuster measures over 9” (25cm) high, 3” (10cm) long and 8” (22cm) wide.
Platform (without attachable arms/desk) measures over 7” (19cm) wide, 8” (21cm) deep and under 1” (2cm) high.",119.99,1363.0,14+,Average
Marvel Super Heroes,Sanctum Sanctorum Showdown,"Stage a LEGO® Marvel Super Heroes 76108 Sanctum Sanctorum Showdown between Iron Spider-Man, Iron Man and Doctor Strange and the super villains. This all-action set features a foldable, 3-level New York City building including Doctor Strange’s Sanctum Sanctorum, with an exploding wall function and hidden Infinity Stone element, plus a pizzeria and Peter Parker's apartment, both with exploding window functions. The rooftop has a minifigure-launch function and a water tower with minifigure-winch function for Iron Spider-Man. This superhero toy also includes a detachable street corner scene, plus 4 minifigures and a big figure with weapons and 20 Power Burst elements.
Includes 4 minifigures: Iron Spider-Man, Iron Man, Doctor Strange and Ebony Maw, plus a Cull Obsidian big figure.
This set features a 3-level New York City building including the Sanctum Sanctorum, pizzeria, Peter Parker’s apartment, 2 fire escapes, rooftop water tower, plus a detachable street corner scene.
Fold the building in or out and attach the street corner in different places for alternative formations.
Sanctum Sanctorum features an entrance hall with an opening door, weapon rack with an axe and sword, and an armchair; library with an exploding wall function, hidden Infinity Stone element and stand, bookshelves, opening chest with 2 daggers inside and weapon rack with a staff and spear; and Doctor Strange’s top-floor office with a new-for-March-2018 decorated Sanctum Sanctorum window, desk, bookshelves and buildable candlestick.
Explode the wall to reveal the Infinity Stone.
Peter Parker's apartment features an office with a desk and assorted elements including a computer, lamp and boxes, and a bedroom with a trapdoor function, exploding window function, bed and pizza element.
Explode the window to reveal the spider web on the building wall.
Pizzeria features an opening door, exploding window function, pizza oven, buildable shawarma and assorted elements including a pizza, pizza peel and fire extinguisher.
Rooftop features a minifigure-launch function and water tower with winch function to send Iron Spider-Man in and out of battle on a ‘spider web string’.
Street corner features a newspaper stand with newspaper elements, trash can and assorted elements including a spider web with Iron Spider-Man’s cell phone and a pizza slice.
The new-for-March-2018 Cull Obsidian big figure comes with 2 buildable hammers.
Weapons include Iron Spider-Man's Power Blast and Ebony Maw's Power Blast.
Iron Spider-Man comes with a backplate with 4 leg elements.
Also includes 10 assorted translucent-blue and 10 assorted translucent-orange Power Burst elements to customize your builds and minifigures.
The Iron Man, Iron Spider-Man and Ebony Maw minifigures are new for March 2018.
Recreate thrilling scenes from the Marvel Super Heroes Avengers: Infinity War movie.
Measures over 11” (30cm) high, 7” (20cm) wide and 8” (21cm) deep.",99.99,1004.0,7-14,Average
Disney™,Elsa's Magical Ice Palace,"Build a grand and glittering Ice Palace for Elsa and feel the magic and adventure with the special sliding bridge and revolving staircase functions. There’s so much detail inside and out to help recreate scenes from Disney’s Frozen and Frozen Fever, or to create new and exciting stories with these much-loved characters. Includes Elsa and Anna mini-dolls plus Olaf, Marshmallow and four Snowgies.
LEGO Disney Frozen building toys are compatible with all LEGO construction sets for creative building
Elsa's Magical Ice Palace measures over 12” high, 11” wide and 7” deep. Playground with snow fort measures over 2” high, 7” wide and 1” deep. Sleigh with carriages measures over 4” long, 1” wide and under 1” high
701 pieces – For boys and girls between the ages of 5 and 12 years old",79.99,701.0,5-12,Average
Star Wars™,Imperial TIE Fighter™,"Engage the enemy with the LEGO® Star Wars Imperial TIE Fighter! This brick-built version of the Empire’s iconic attack craft has a highly detailed design, including sturdy wings, opening minifigure cockpit and access hatch, and 2 spring-loaded shooters. This great Star Wars toy also includes 4 minifigures, including Han Solo and his accomplice Tobias Beckett.
Includes 4 minifigures: an Imperial Pilot, Han Solo, Tobias Beckett (in Mimban Stormtrooper disguise) and a Mimban Stormtrooper.
Features a highly detailed design including sturdy wings, opening minifigure cockpit and access hatch, plus 2 spring-loaded shooters.
Weapons include a blaster pistol, blaster, blaster rifle and Tobias Beckett's 2 special blasters.
Recreate epic Han Solo movie action scenes or dream up your own.
This LEGO® Star Wars toy is suitable for ages 9-14.
Measures over 9” (23cm) high, 7” (20cm) long and 7” (19cm) wide.",69.99,519.0,7-14,Average
Disney™,Cinderella's Dream Castle,"LEGO® l Disney Cinderella’s Dream Castle is the ultimate set to play out your fairytales, whether recreating scenes from Disney’s Cinderella or creating new stories of your own. With a grand dining room, bedroom, dressing area, kitchen, fireplace and balcony, there's so much to explore and hidden secrets to discover in this popular toy for kids. Get creative using the modular design to easily move and swap sections within the model, or rearrange the rooms of the castle and integrate them with other compatible LEGO l Disney toys to build your own dream creations. Includes 2 mini-doll figures plus a foal and 2 mice figures.
Includes Cinderella and Prince Charming mini-doll figures, plus a foal and 2 mice figures.
Features a modular 3-story castle, pumpkin patch, horse jump, and a cart that can be pulled by the foal.
Castle features a dining area with table and chairs, bedroom with opening secret compartment in the bed, turning fireplace with secret hiding place, balcony with revolving dancefloor, kitchen, dressing area with vanity, and a lounge area with chaise longue.
Accessory elements include a glass slipper tile, opening book, invitation tile, perfume bottles, jewel, hairbrush, hair bows, croissants, cookies, cheese, pumpkins, water bottle, cooking pot, pan and glasses.
Customize the set by easily swapping and rearranging internal features such as the throne, stove, vanity and bench.
Move and rearrange the rooms to create a new castle every time, or combine, swap and mix this model with other compatible LEGO® l Disney toys to build your own dream creations.
Recreate scenes from Disney's Cinderella with these much-loved characters, or create new role-play stories of your own.
Help Cinderella and Prince Charming dance all night on the revolving dancefloor, then head to the kitchen to wash the dishes.
Take care of the foal and attach the cart to help him pull it along!
This popular toy for kids is suitable for ages 6-12.
Cinderella's Dream Castle measures over 13” (34cm) high, 9” (25cm) wide and 4” (12cm) deep.
Cart (without horse) measures over 1” (4cm) high, 3” (9cm) long and 1” (5cm) wide.",69.99,585.0,5-12,Challenging
Marvel Super Heroes,Thanos: Ultimate Battle,"Fly into conflict on an uncharted planet aboard The Guardians’ Ship with Iron Man, Star-Lord and Gamora in this LEGO® Marvel Super Heroes 76107 Thanos: Ultimate Battle set. The Guardians’ Ship features an opening cockpit for 2 minifigures seated on the space scooter, stud shooters, plus an opening rear compartment with capacity for 2 minifigures and the Infinity Gauntlet and stand. The Infinity Gauntlet, which has attachment points for the included Infinity Stone and other collectable Infinity Stone elements, can be attached to the Thanos big figure. This exciting set features 3 minifigures with assorted weapons and 10 Power Burst elements.
Includes 3 minifigures: Iron Man, Star-Lord and Gamora, plus a Thanos big figure.
The Guardians’ Ship features an opening cockpit for the space scooter (and 2 minifigures sitting on the scooter), flip-up windshield, opening rear compartment with 2 minifigure seats, removable roof and space for the Infinity Gauntlet and stand, 2 stud shooters, adjustable wings and a connection point for the escape pod (featured in 76102 Thor's Weapon Quest).
Space scooter features 2 minifigure seats, attachment points for Star-Lord and Gamora’s weapons, and a detachable sword.
Thanos big figure comes with a gold-colored Infinity Gauntlet (with attachment points for the included Infinity Stone and 5 other collectable Infinity Stone elements), gauntlet stand and a sword.
Replace Thanos' left hand with the Infinity Gauntlet.
Weapons include Star-Lord's 2 laser guns and Gamora's sword.
Also includes 10 assorted translucent-blue Power Burst elements to customize your builds and minifigures.
Recreate thrilling scenes from the Marvel Super Heroes Avengers: Infinity War movie.
The Guardians’ Ship measures over 3” (9cm) high, 8” (22cm) long and 18” (46cm) wide.
Space scooter measures over 1” (5cm) high, 1” (5cm) long and under 1” (2cm) wide.
Infinity Gauntlet and stand measure over 1” (4cm) high, 1” (3cm) wide and 1” (3cm) deep.",69.99,674.0,7-14,Average
Marvel Super Heroes,Hulk vs. Red Hulk,"Pitch Team Hulk against Team Red Hulk in this sturdy LEGO® Marvel Super Heroes set. Fit the characters onto their tough vehicles and crash them into each other to send the big figures flying into battle. For even more fun battle action, fire the vehicle-mounted twin stud shooters and 6-stud shooter. Includes 2 minifigures and 2 big figures.
Build a fun and power-packed showdown between Team Hulk and Team Red Hulk, with giant muscle cars that launch the Hulks into action when they smash into each other!
Vehicles feature jumping Hulk functions, big rolling wheels, stud-shooting blasters, and more!
Includes Hulk and Red Hulk big figures, and She-Hulk and Red She-Hulk minifigures
LEGO Marvel Super Heroes building toys are compatible with all LEGO construction sets for creative building
Team Hulk vehicle is over 5” high, 7” long, and 4” wide. Team Red Hulk vehicle is over 2” high, 7” long, and 5” wide
375 pieces – For boys and girls between the ages of 7 and 14 years old",59.99,375.0,7-14,Easy
Marvel Super Heroes,Thor vs. Hulk: Arena Clash,"Role-play an arena duel between Thor and Hulk and then team up with these two old friends to topple Grandmaster. This awesome LEGO® Marvel Super Heroes Thor vs. Hulk: Arena Clash set features an arena with a sliding gate, secret weapons rack, 2 toppling pillars, smash-function wall and an opening prison cell. Use Thor’s super jumper to knock Grandmaster off his throne and Loki off his seat. Includes 4 minifigures plus a Hulk big figure with assorted weapons and accessories to intensify the action play.
Build the Grandmaster’s arena and stage an epic super hero showdown!
As featured in the Thor: Ragnarok movie
Includes Thor, Loki, Grandmaster and Sakaarian Guard minifigures, plus a Hulk big figure
LEGO Marvel Super Heroes building toys are compatible with all LEGO construction sets for creative building
The arena is over 7” high, 15” wide and 2” deep when opened
492 pieces – For LEGO fans between the ages of 7 and 14 years old",59.99,492.0,7-14,Average
Marvel Super Heroes,The Ultimate Battle for Asgard,"Fly the Commodore spaceship and team up with Thor, Bruce Banner and Valkyrie to take on Hela, her Berserkers and the Fenris wolf in this exciting LEGO® Marvel Super Heroes The Ultimate Battle for Asgard set. The Commodore has 2 dual stud shooters and a minifigure-drop function, while the buildable Fenris wolf figure features posable joints for different battle poses. Includes 6 minifigures with assorted weapons such as Thor and Hela’s firing Power Blasts to intensify the role-play action.
Build the Commodore spaceship and fight Hela & Fenris for the future of Asgard!
As featured in the Thor: Ragnarok movie
Includes Thor, Bruce Banner, Valkyrie, Hela & 2 Berserker minifigures, plus a buildable Fenris wolf figure
LEGO Marvel Super Heroes building toys are compatible with all LEGO construction sets for creative building
The Commodore is over 1” high, 8” long and 7” wide. Fenris is 3” high, 6” long and 2” wide
400 pieces – For LEGO fans between the ages of 7 and 14 years old",49.99,400.0,7-14,Easy
Disney™,Ariel's Royal Celebration Boat,"LEGO® l Disney Ariel’s Royal Celebration Boat has everything you need to play out a happy ending for Disney’s The Little Mermaid’s Ariel and Prince Eric. Dance on the revolving dancefloor under the gazebo, spin Sebastian’s starfish decks, discover secret treasure and launch the colored firework bricks. Get creative using the modular design of this great children's toy to easily move and swap sections within the model, or integrate the gazebo with other compatible LEGO l Disney toys to build your own dream creations. Includes 2 mini-doll figures plus Sebastian and Max figures.
Includes 2 mini-doll figures: Prince Eric and Ariel with her dress and white fabric cape, plus Sebastian the crab and Max the dog figures.
Ariel’s Royal Celebration Boat features a gazebo with revolving dancefloor, ship’s wheel, vanity desk and firework launcher, plus a dock and Sebastian's island with turning starfish decks.
Accessory elements include a cake, glasses, crown, treasure chest, jewel, telescope, Ursula's contract tile, trident, hair bow, bone, firework pieces and a perfume bottle.
Customize this great children's toy by easily swapping and rearranging internal features such as the vanity, cake table and drinks table.
Move and rearrange the gazebo and dock to customize the boat, or combine, swap and mix this model with other compatible LEGO® l Disney toys to build your own dream creations.
Recreate the final wedding scenes from Disney's The Little Mermaid on this ornate boat full of features and secret places.
Help Ariel get ready for new adventures at the vanity desk, then put on her white wedding cape.
Spin Sebastian’s starfish and help Eric and Ariel dance on the revolving dancefloor, then launch the colorful firework pieces as the celebrations continue!
Suitable for ages 6-12.
Ariel’s Royal Celebration Boat measures over 6” (16cm) high, 9” (23cm) long and 4” (11cm) wide.
Sebastian's island measures over 1” (4cm) high, 1” (4cm) wide and 1” (4cm) deep.",49.99,380.0,5-12,Average
Marvel Super Heroes,Corvus Glaive Thresher Attack,"Stage an awesome battle at the Wakandan wall with Vision, Shuri and Black Panther against Corvus Glaive and an Outrider with this LEGO® Marvel Super Heroes 76103 Corvus Glaive Thresher Attack set. The wall features a lever-operated opening gate, tower with rotating, dual stud-shooting turrets, hidden disc shooter, Wakandan lab with flip function and the Infinity Stone element. The bad guys are attacking with a Thresher launcher—hit the right spot on the wall with the Thresher to activate the lab’s flip function. This super hero toy also includes 5 minifigures.
Includes 5 minifigures: Vision, Shuri, Black Panther, Corvus Glaive and an Outrider.
Wakandan wall features a lever-operated opening gate, tower with 2 rotating, dual stud-shooting turrets, hidden disc shooter, hinged wall section, Wakandan lab with minifigure seat, desk and 2 computer screen elements, flip function and the Infinity Stone element.
Also includes a Thresher and Thresher launcher with trigger and jungle camouflage elements.
Aim the Thresher at the wall to activate the lab's flip function.
Weapons include Shuri’s 2 gauntlets and Corvus Glaive’s staff.
The new-for-March-2018 Outrider minifigure has 6 arms.
Attach multiple sets to each other to expand the Wakanda wall.
Recreate thrilling scenes from the Marvel Super Heroes Avengers: Infinity War movie.
Wakandan wall measures over 7” (20cm) high, 9” (25cm) wide and 3” (9cm) deep.
Thresher launcher measures over 1” (5cm) high, 3” (8cm) wide and 4” (12cm) deep.
Thresher measures over 2” (7cm) high, 2” (7cm) long and 1” (4cm) wide.",39.99,416.0,7-14,Average
Disney™,Sleeping Beauty's Fairytale Castle,"LEGO® l Disney Sleeping Beauty’s Fairytale Castle is easy to build and perfect for playing out favorite moments from Disney’s Sleeping Beauty. There’s a bedroom, spinning wheel, vanity and a special birthday cake. Maleficent’s lair adds drama and excitement to the role-play action. Get creative using the modular design of this fun toy to easily move and swap sections within the model, or rearrange the rooms of the castle and integrate them with other compatible LEGO l Disney toys to build your own dream creations. Includes 2 mini-doll figures plus Merryweather and bunny figures.
Includes Aurora and Maleficent mini-doll figures, plus a good fairy and a bunny figure.
Features a modular Fairytale Castle with a balcony, vanity and a bed with hidden storybook tile, plus Maleficent’s lair with throne.
Accessory elements include a magic wand, crown, spinning wheel, hair bow, flowers, cake, mixing bowl, scissors, hairbrush, perfume bottle, basket, carrot, cherries and Maleficent's staff.
Customize the set by easily swapping and rearranging internal features such as the spinning wheel, vanity and cake table.
Move and rearrange the rooms and Maleficent’s lair to create a new castle every time, or combine, swap and mix this model with other compatible LEGO® l Disney toys to build your own dream creations.
Recreate favorite moments from Disney's Sleeping Beauty with iconic details such as the spinning wheel, giant cake and birthday dress decoration.
Create your own stories about life in the castle with this fun toy, and discover a secret storybook tile under Aurora’s bed.
Suitable for ages 6-12.
Sleeping Beauty’s Fairytale Castle measures over 11” (29cm) high, 4” (12cm) wide and 2” (6cm) deep.
Maleficent’s lair measures over 4” (11cm) high, 2” (6cm) wide and 2” (6cm) deep.",39.99,322.0,5-12,Easy
Disney™,Cinderella's Enchanted Evening,"Reenact scenes from the iconic Disney movie, Cinderella, with this easy-to-build model. Play with Cinderella in her house with kitchen and upstairs sleeping area. Then change her into her ball gown and go to the ball in the carriage—and take off the roof for easy play inside with 2 seats for Cinderella and her Fairy Godmother. Includes 2 mini-doll figures, plus 2 figures: a horse and a mouse.
Includes 2 mini-doll figures from Disney’s Cinderella: Cinderella with switchable skirts and the Fairy Godmother, plus 2 animal figures: a horse and a mouse. • Features Cinderella’s Carriage, Cinderella’s house with 2 stories, and a revolving stand for her ball gown. • Cinderella’s Carriage sits 2 mini-doll figures and features a removable roof for easy play inside, opening door and an opening chest. • Cinderella’s house features an opening door and windows, downstairs kitchen area with sink and table, and a sleeping area upstairs. • Accessory elements include an invitation, 2 keys, magic wand, broom, hairbrush, scissors, plate with food and a piece of cheese. • Play and sing all day with Cinderella and her little mouse friend, as they do their chores around the house. • Help the Fairy Godmother transform Cinderella’s rags to a ball gown and show her around her amazing horse-drawn carriage. • Play out your favorite scenes from the movie or create new stories of your own with these much-loved characters. • Cinderella’s carriage measures over 4” (11cm) high, 9” (24cm) long and 2” (7cm) wide. • Cinderella’s house measures over 5” (14 cm) high, 4” (11cm) wide and 1” (5cm) deep.",39.99,350.0,5-12,Average
Disney™,Moana’s Ocean Voyage,"Discover the vibrant world of Disney’s Moana and join her on her epic adventure to bring back the heart of Te Fiti and restore harmony. This beautiful sailboat with opening storage under the deck, and island with transformation function, are perfect for recreating iconic scenes from the movie or creating new stories by the sea. Features a Moana mini-doll, Maui big figure, Heihei and two Kakamora.
Build Disney Princess Moana’s Ocean Voyage canoe with sail, opening deck, and a transforming Island of Te Fiti!
Featured in the award-winning Disney movie: Moana
Includes Moana mini-doll figure, Maui big figure, HeiHei the rooster, two buildable Kakamora pirates, plus a map, a catapult for the Kakamora, and the Heart of Te Fiti
LEGO Disney Princess building toys are compatible with all LEGO construction sets for creative building
Moana's boat measures over 6” high, 5” long and 5” wide, Island of Te Fiti measures over 4” high, 6” long and 1” deep
307 pieces – For boys and girls between the ages of 6 and 12 years old",39.99,307.0,5-12,Easy
Star Wars™,Moloch's Landspeeder™,"Recreate action-filled scenes from the Han Solo movie with this LEGO® Star Wars Moloch’s Landspeeder set. The infamous gang leader’s vehicle features an open minifigure cockpit, storage hold at the rear and hidden wheels for a cool hover effect. This Star Wars toy also has a 6-stud rapid shooter for intense action play, and an opening cage to hold the 2 Corellian Hound figures to add an extra dimension of battling fun for any LEGO Star Wars fan!
Includes Moloch and Rebolt minifigures, plus 2 Corellian Hound figures.
Features an open minifigure cockpit, opening cage for the hounds, rear storage hold, multi-stud shooter and hidden wheels for a hover effect.
Also includes Moloch’s blaster pistol and Rebolt's whip.
Play out epic Han Solo movie chase scenes with 75209 Han Solo's Landspeeder!
This LEGO® Star Wars toy is suitable for ages 8-12.
Measures over 2” (6cm) high, 6” (16cm) long and 4” (11cm) wide.",39.99,464.0,5-12,Easy
Marvel Super Heroes,Beware the Vulture,"Team up with Spider-Man and Iron Man to catch up with The Shocker’s Van and tackle the Vulture’s attacks in this thrilling LEGO® Marvel Super Heroes Beware the Vulture set. The Shocker’s Van opens up for easy play and includes a mounted, adjustable 6-stud rapid shooter, a buildable rifle and buildable tech egg, while Vulture’s wings have 2 detachable stud shooters. Includes 4 minifigures with assorted weapons and accessory elements such as Spider-Man’s firing Power Blasts.
Build an epic chase scene featuring Spiderman and Iron Man vs. The Vulture and The Shocker!
Featured in the sensational Marvel Studios film Spiderman: Homecoming
Includes minifigures of Spiderman and Iron Man with a van that opens, 6-stud rapid shooter and boosters for Iron Man’s feet and hands
LEGO Marvel Super Hero building toys are compatible with all LEGO construction sets for creative building
Van measures 2 inches high, 5 inches long, and 2 inches wide. The Vulture’s wingspan measures 2 inches high, 7 inches long, and 1 inch wide
375 pieces – for boys and girls between the ages of 7 and 14 years old",39.99,375.0,7-14,Average
Marvel Super Heroes,The Hulkbuster Smash-Up,"Overpower Proxima Midnight and the Outrider with Bruce Banner’s Hulkbuster in this LEGO® Marvel Super Heroes 76104 The Hulkbuster Smash-Up set. The posable Hulkbuster features an opening minifigure cockpit and bashing arm function. This action-packed set also includes a ball-shooting gun turret with an opening rear compartment containing the Infinity Stone element, Falcon's buildable wings with a detachable Redwing drone element and 4 minifigures.
Includes 4 minifigures: Bruce Banner, Falcon, Proxima Midnight and an Outrider.
Hulkbuster features an opening minifigure cockpit, wheel-operated bashing arm function and posable fingers, arms and legs.
Gun turret features a minifigure seat, ball shooter and an opening rear compartment containing the Infinity Stone element.
Includes Proxima Midnight's spear and Falcon's buildable wings with a detachable Redwing drone element.
The new-for-March-2018 Outrider minifigure has 6 arms.
Play out thrilling scenes inspired by the Marvel Super Heroes Avengers: Infinity War movie.
Hulkbuster measures over 5” (14cm) high, 2” (7cm) long and 6” (16cm) wide.
Gun turret measures over 3” (8cm) high, 4” (11cm) wide and 1” (5cm) deep..",29.99,375.0,7-14,Easy
Star Wars™,Yoda's Hut,"Reenact an iconic LEGO® Star Wars training scene at Yoda’s Hut on Dagobah. This feature-packed set includes Yoda’s swamp home with foldout training sections, from where Luke can balance boxes and stand on one arm to demonstrate his fledgling Jedi powers. There's also a Force jump function that can be attached to the front or back of the model. Jump Luke from the roof and swing from the ‘vine' with Yoda on his back. Inside, there's a folding bed, fireplace, a selection of food and furnishing elements, plus a secret compartment under the floor. There’s even a window at the side so R2-D2 can peer in! This feature-laden Star Wars toy includes 2 minifigures.
Includes Yoda and Luke Skywalker minifigures plus an R2-D2 figure.
Features foldout training sections, a detachable Force jump function, rooftop ‘vine’ swing function and a detailed interior including folding bed, fireplace, food and furnishing elements, and a secret underfloor compartment.
Carry Yoda on Luke's back as he trains.
Balance boxes, stand on one arm, pull a cool Force jump and swing from the ‘vine' like a true Jedi!
Weapons include Yoda's staff and Luke's Lightsaber.
Accessory elements include a carrot, frying pan, bottle and a snake.
This LEGO® Star Wars toy is suitable for ages 7-12.
Measures over 4” (11cm) high, 9” (25cm) long and 4” (11cm) wide.",29.99,229.0,5-12,Easy
Marvel Super Heroes,Ayesha's Revenge,"Stage a cosmic battle with this action-packed Guardians of the Galaxy set featuring Ayesha’s Golden Drone spaceship with two stud shooters, and Yondu’s Laser Drill spaceship with a spring-loaded missile, sliding minifigure cockpit and opening side panels. Includes three minifigures and a Groot figure in Ravager costume.
Build the battle on Ego’s planet between Ayesha’s golden drone and the Guardians of the Galaxy’s laser drill spaceship, with spring-launching missile, stud-shooters, and exploding cliff section!
Featured in Guardians of the Galaxy Vol. 2
Includes minifigures of Yondu, Star-Lord and Ayesha, plus Baby Groot figure with Ravager jacket decoration
LEGO Marvel Super Heroes building toys are compatible with all LEGO construction sets for creative building
Laser drill is 3” high, 6” long, and 2” wide. Golden drone is 1” high, 2” long, and 3” wide. Planet cliff section is 2” wide, 2” deep, and under 1” high
323 pieces – For boys and girls between the ages of 7 and 14 years old",29.99,323.0,7-14,Average
Star Wars™,Han Solo's Landspeeder™,"Recreate high-speed LEGO® Star Wars action scenes from the Han Solo movie with Han’s Landspeeder. Featuring an open 2-minifigure cockpit, opening hood with storage compartment, removable engine, rear storage compartment with secret cargo, hidden wheels for a hover effect and 2 spring-loaded shooters, this action-packed Star Wars toy also includes a Corellian Hound figure for Han and Qi'ra to battle.
Includes Han Solo and Qi’ra minifigures, plus a Corellian Hound figure.
Features an open 2-minifigure cockpit, opening hood with ammo and accessory storage, removable engine, rear storage compartment with secret cargo, hidden wheels for a hover effect, and 2 spring-loaded shooters.
Remove the engine for a much-needed overhaul.
Also includes 2 blaster pistols.
Play out epic Han Solo movie chase scenes with 75210 Moloch's Landspeeder!
This LEGO® Star Wars toy is suitable for ages 7-12.
Measures over 1” (5cm) high, 6” (16cm) long and 3” (10cm) wide.",29.99,345.0,5-12,Easy
Disney™,Ariel and the Magical Spell,"Slide back the glass door and step inside Disney Princess™ Ariel’s Cave. Swim over to Ursula’s grotto and place Ariel at the revolving stand to reveal her human legs. This set is easy to build and perfect for fans of Disney’s The Little Mermaid to reenact their favorite scenes or create new stories of their own. Includes 2 mini-doll figures plus a Flounder figure.
Build the LEGO Disney Ariel’s cave featuring a sliding door, a treasure chest, and even a hideout for Flounder!
Featured in the critically acclaimed Walt Disney Studio’s classic: The Little Mermaid
Includes Ariel with switchable mermaid tail or legs and Ursula mini-doll figures
LEGO Disney Princess building toys are compatible with all LEGO construction sets for creative building
Ariel’s cave measures 5 inches high, 5 inches wide and 3 inches deep. Ursula’s grotto measures 3 inches high, 3 inches wide and 3 inches deep.
222 pieces – For girls and boys between the ages of 5 and 12 years old",29.99,222.0,5-12,Average
Disney™,Anna & Kristoff’s Sleigh Adventure,"Enter the world of Disney Frozen on an exciting sleigh ride with Anna and Kristoff. Whether you're traveling through the snow or shopping for winter supplies at Wandering Oaken's Trading Post, Kristoff's sleigh allows you to reenact memorable scenes from the film and create new stories of your own. Includes Anna and Kristoff mini-doll figures plus Sven the reindeer.
LEGO Disney Frozen building toys are compatible with all LEGO construction sets for creative building
Sleigh measures over 2” high, 6” long and 2” wide. Wandering Oaken's Trading Post measures over 3” high, 3” wide and 1” deep. Barn fascia measures over 2” high, 3” wide and 1” deep.
174 pieces – For boys and girls between the ages of 5 and 12 years old",29.99,174.0,5-12,Easy
Marvel Super Heroes,Royal Talon Fighter Attack,"Help Black Panther and Nakia win the ultimate battle against super villain Killmonger and Ulysses Klaue, with this awesome LEGO® Marvel Super Heroes Royal Talon Fighter Attack set. The Royal Talon Fighter features an opening minifigure cockpit, 2 stud shooters and a rear prison compartment to trap a minifigure. The set also includes 4 minifigures with weapons to intensify the role-play conflict.
Includes 4 minifigures: Black Panther, Nakia, Killmonger and Ulysses Klaue.
The ancient mask-shaped Royal Talon Fighter features an opening minifigure cockpit, rear prison compartment to trap a minifigure and 2 stud shooters.
Weapons include Nakia's 2 disc blades, Killmonger's flick missile shooter and Ulysses Klaue's ultrasonic robotic hand.
Also includes Killmonger's mask element.
Recreate epic moments from the Marvel Super Heroes Black Panther movie.
Royal Talon Fighter measures over 2” (7cm) high, 8” (21cm) long and 6” (16cm) wide.",29.99,358.0,7-14,Average
Marvel Super Heroes,Iron Man: Detroit Steel Strikes,"Help Iron Man rescue Agent Coulson from Justin Hammer in his highly posable Detroit Steel weaponized mech with minifigure cockpit, arm-mounted chainsaw and 6-stud shooter. Agent Coulson’s classic car features foldable wheels for high-flying role-play adventures. Includes 3 minifigures.
Includes 3 minifigures: Invincible Iron Man, Agent Coulson and Justin Hammer.
Detroit Steel mech features a minifigure cockpit, fully posable legs, arms and hands, 2 movable wings, arm-mounted chainsaw and a 6-stud shooter.
Agent Coulson’s car Lola features 2 opening doors and folding wheels for flight mode.
Attach the Power Blast elements to Iron Man's hands, then push inwards to fire!
Fold Lola's wheels for flying mode and make a quick escape.
Weapons include Agent Coulson's gun and new-for-spring-2017 Power Blast weapons.
Also includes 3 translucent-blue thruster accessory elements.
This set offers an age-appropriate build and play experience for ages 7-14.
Detroit Steel stands over 5” (14cm) tall.
Lola measures over 1” (4cm) high, 5” (14cm) long and 2” (6cm) wide.",29.99,377.0,7-14,Easy
Marvel Super Heroes,Doctor Strange's Sanctum Sanctorum,"Stage a mysterious battle at Doctor Strange’s Sanctum Sanctorum, featuring a portal beast with moving tentacles, eyes and teeth. Use the levitating function levers to hover the Super Heroes around the house. Attach the cape of levitation to Doctor Strange and fly him towards the portal beast to use the mystical artifacts in battle. Trap a minifigure in the tentacles and stage a heroic rescue. Includes 3 minifigures.
Includes 3 minifigures: Doctor Strange, Karl Mordo and The Ancient One.
Doctor Strange's Sanctum Sanctorum features a portal beast with rotating teeth, moving eyes and tentacles that can trap minifigures, shelves for mystical artifact accessories, levitation effect for 2 minifigures, and levitation function for Doctor Strange's cloak.
Weapons include Karl Mordo's quarterstaff and The Ancient One's magical fans with eldritch calligraphy.
Accessory elements include Doctor Strange's cloak of levitation and magical power elements with eldritch calligraphy markings.
This set offers an age-appropriate building experience for ages 7-14.
Sanctum Sanctorum measures over 4” (11cm) high, 12” (31cm) wide and 7” (18cm) deep.",29.99,358.0,7-14,Average
Marvel Super Heroes,Tanker Truck Takedown,"Launch Captain America and Hawkeye against Spider-Man and Vision at the airport. Create an explosion effect by twisting the truck’s wheel cog to pop up the flames. Use the Super Jumper to launch Spider-Man at the burning truck and put out the fire, push the wind sock to trigger the exploding barrel function, and jump Hawkeye over the flame elements on his motorbike. Combine this set with 76051 Super Hero Airport Battle for an even bigger clash. Includes 4 minifigures.
Includes 4 minifigures: Captain America, Spider-Man, Hawkeye and Vision.
Features a tanker truck with detachable container and exploding function, wind sock with exploding barrels function and Hawkeye's motorbike.
Twist the tanker truck's wheel cog to open the fuel container and create an explosion effect with flames bursting out.
Activate the Super Jumper to launch Spider-Man at the exploding fuel container, or hit the wind sock to trigger the exploding barrel effect.
Also includes Hawkeye's bow and arrow element.
Accessory elements include Captain America's shield, Spider-Man's web blast, Vision's cape, 2 flames, fire extinguisher and a Super Jumper.
This set offers an age-appropriate building experience for ages 6-12.
Combine with 76051 Super Hero Airport Battle to stage an even bigger encounter.
Tanker truck measures over 2” (7cm) high, 9” (25cm) long and 2” (7cm) wide.
Motorbike measures over 2” (6cm) long, 1” (3cm) high and under 1” (2cm) wide.
Wind sock measures over 5” (14cm) high, 1” (3cm) wide and 1” (5cm) deep.",29.99,330.0,5-12,Easy
Star Wars™,Range Trooper™,"Take on any adversary with this highly posable LEGO® Star Wars Range Trooper buildable figure. This powerful character from the blockbuster Han Solo movie features tough armor and ‘magnetic boot’ detailing, furry shoulder cloak and tunic, as well as a blaster weapon with spring-loaded shooter. Star Wars fans will love battling with this cool LEGO buildable figure.
Highly posable Range Trooper buildable figure features tough armor and ‘magnetic boot’ detailing, furry shoulder cloak and tunic, plus a blaster weapon with spring-loaded shooter.
Engage the enemy with the powerful spring-loaded shooter.
Move the limbs into any battle pose.
Sturdy and durable design for intense action play.
Play out exciting adventures from the Han Solo movie.
This buildable figure is suitable for ages 8-14.
Stands over 9” (24cm) tall.",24.99,101.0,7-14,Easy
Disney™,Moana’s Island Adventure,"Explore the beautiful world of Disney’s Moana with Moana’s Island Adventure. Recreate memorable scenes from the movie as Moana learns about the legends of her ancestors, finds the heart of Te Fiti and plays the drums in the cave. Then create new adventures of your own, living out island life in and around her house with Pua her pet pig. Includes a Moana mini-doll, plus Pua the pig.
LEGO Disney Moana building toys are compatible with all LEGO construction sets for creative building
Moana’s house measures over 5” high, 9” wide and 3” deep. Cave area with waterfall measures over 3” high, 4” wide and 1” deep
205 pieces – For boys and girls between the ages of 5 and 12 years old",24.99,205.0,5-12,Challenging
Marvel Super Heroes,Captain America Jet Pursuit,"Ms. Marvel is on a mission to help retrieve Captain America’s shield from Super-Adaptoid, who is shooting back with his Power Blasts. Use her super-extending arms to attach her to the jet, which features movable wings for flying and attack modes, a minifigure cockpit with space for a shield, and dual disc shooters. Includes three minifigures.
Includes three minifigures: Pilot Captain America, Ms. Marvel and Super-Adaptoid.
Captain America's jet features sweep back wings, dual disc shooters and a minifigure cockpit with shield holder and Captain America logo.
Attach the Power Blast elements to Super-Adaptoid's hands, then push inwards to fire!
Extend Ms. Marvel's flexible arms on either side by sliding them through the super torso.
Push a trigger in the aircraft's tail forward to switch from flying mode into attack mode ,then fire the dual disc shooters at Super-Adaptoid.
Also includes new-for-spring-2017 Power Blast weapons.
Accessory elements include three translucent-blue thrusters, Captain America's shield, Super-Adaptoid's wings, Ms. Marvel's big hands and four shooting discs.
This set offers an age-appropriate build and play experience for ages 6-12.
Captain America's jet measures over 1” (5cm) high, 7” (20cm) long and 7” (18cm) wide with wings swept back.
Captain America's jet with wings extended measures over 1” (5cm) high, 7” (20cm) long and 7” (20cm) wide with wings swept forward.",19.99,160.0,5-12,Easy
Disney™,Palace Pets Royal Castle,"With LEGO® Disney Whisker Haven Tales with the Palace Pets™ you can play with and care for these beloved royal pets within the much-loved Disney Princess environment. Whisker Haven is a magical land where the pets can meet and play together. Build the Palace Pets Royal Castle with its golden roof and customizable towers, then throw a royal ball with your own touch of fairytale magic.
Includes Dreamy (Princess Aurora's cat) and Windflower (Pocahontas' raccoon).
Palace Pets Royal Castle features a 2-story building with a golden roof, 2 towers, dining area, music room, revolving dance floor and a garden lookout.
Prepare the castle for a grand ball and lay out the delicious cake.
Put on a show in the music room then party on the revolving dance floor!
Place each Palace Pet in its own special spot for a good night's sleep.
Palace Pets Royal Castle measures over 6” (16cm) high, 5” (13cm) wide and 5” (13cm) deep.
The towers of Palace Pets Royal Castle are interchangeable with special parts of 41069 Treasure's Day at the Pool, 41140 Daisy's Beauty Salon and 41141 Pumpkin's Royal Carriage for a customizable Palace Pets play experience.",19.99,186.0,5-12,Easy
Marvel Super Heroes,ATM Heist Battle,"Help Spider-Man to stop the masked robbers burglarizing the bank in this action-packed LEGO® Marvel Super Heroes ATM Heist Battle set. The bank opens out for easy play and features an exploding window function, a removable ATM and an ATM with an explode function to send LEGO cash elements flying everywhere. The 2 robbers are equipped with a stud-shooting ATM Buster and a gun with hybrid-tech chain to drag the removable ATM away, plus a getaway bike. Attach and fire Spider-Man’s Power Blast weapons to take down the villains. Includes 3 minifigures.
Includes 3 minifigures: Spider-Man and 2 masked robbers.
The bank opens out for easy play and features an opening front door, exploding window function, 2 ATMs—one removable and one with cash-launching explode function and 6 LEGO® cash elements, connection points for Spider-Man to climb the walls, spider web and a fire hydrant outside.
Includes a getaway bike with a minifigure seat.
Also includes the robbers’ buildable hybrid-tech ATM Buster with stud-shooting function.
Weapons include Spider-Man’s 3 Power Blasts and the robbers’ gun with hybrid-tech chain to drag the ATM away.
Attach the Power Blast elements to Spider-Man’s hands and push inwards to fire!
The crook minifigures each have face mask decoration—of Hulk and Captain America.
Bank measures over 3” (9cm) high, 3” (9cm) wide and 3” (9cm) deep, and over 3” (9cm) high, 7” (19cm) wide and 1” (4cm) deep when opened out.
Getaway bike measures over 1” (3cm) high, 2” (6cm) long and under 1” (2cm) wide.",19.99,185.0,5-12,Easy
Marvel Super Heroes,Rhino Face-Off by the Mine,"Team up with Black Panther and Okoye in a Rhino Face-Off by the Mine against masked super villain Killmonger. This LEGO® Marvel Super Heroes set features a posable rhino figure with stud shooters and a rail track with moving mining cart. Tip the mining cart or activate the rail track's explode function to knock over the cart and spill the vibranium. This exciting set includes 3 minifigures.
Includes 3 minifigures: Black Panther, Okoye and Killmonger.
Rhino features a minifigure seat, posable head and legs, rhino horn elements and 2 stud shooters.
Mining cart features a tipping function and translucent-blue vibranium nugget elements.
Activate the rail track's explode function to knock over the cart.
Also includes Okoye's spear.
Recreate epic moments from the Marvel Super Heroes Black Panther movie.
Rhino measures over 3” (8cm) high, 5” (15cm) long and 2” (6cm) wide.
Mining cart measures over 1” (4cm) high, 3” (9cm) long and 1” (3cm) wide.
Rail track measures over 1” (3cm) high, 1” (4cm) wide and 7” (18cm) deep.",19.99,229.0,5-12,Easy
Marvel Super Heroes,Ravager Attack,"Stage a forest face-off between Taserface in his M-ship, featuring four stud shooters and a minifigure cockpit, and Rocket and Mantis, who are hiding in the forest setting featuring a buildable tree with branch elements. Help the two Guardians of the Galaxy build the six-stud shooter, then fire at the approaching M-ship and work as a team to fend off the Ravagers. Includes three minifigures.
Includes three minifigures: Mantis, Rocket and Taserface.
Features a forest setting with buildable tree and six-stud shooter, plus an M-ship with a minifigure cockpit and four stud shooters.
Weapons include Taserface’s big gun and Rocket’s two guns.
M-ship measures over 1” (5cm) high, 4” (11cm) long and 6” (17cm) wide.
Tree measures over 3” (8cm) high, 4” (12cm) wide and 3” (8cm) deep.",19.99,197.0,5-12,Easy
Disney™,Anna's Snow Adventure,"Enter the world of Disney Frozen and join Anna as she takes a break on her journey to visit her sister. With a feeding station for her horse and a campfire to make hot chocolate, they have everything they need to rest and refuel. The sleeping shelter has an opening function for easy play inside. Includes an Anna mini-doll, plus her horse.
Includes an Anna mini-doll figure in coronation outfit, plus her horse.
Features a shelter with an opening roof and a bed, a horse feeding station with hay bales to sit on, and a campfire.
Feed the horse, enjoy the campfire and make some hot chocolate.
Get a good night's sleep, then put the saddle on Anna's horse and continue your adventures!
Accessory elements include a map, chocolate and a cup.
This set offers an age-appropriate build and play experience for ages 5-12.
Shelter measures over 2” (7cm) high, 3” (10cm) wide and 3” (8cm) deep.
Horse feeding station measures over 3” (8cm) high, 3” (8cm) wide and 1” (3cm) deep.",19.99,153.0,5-12,Easy
Marvel Super Heroes,Thor's Weapon Quest,"Join Thor, Rocket and Groot on a thrilling Avengers mission with LEGO® Marvel Super Heroes 76102 Thor’s Weapon Quest. This super hero toy features an Escape Pod with an opening cockpit for 3 minifigures and 2 stud shooters, plus a space station with a cosmic power source, weapon and features, the Infinity Stone element and stand, 3 minifigures and 10 Power Burst elements.
Includes 3 minifigures: Thor, Rocket and Groot (new-for-March-2018 teenage version).
Escape Pod features an opening cockpit, detachable roof and 2 stud shooters.
Open the cockpit’s front and rear windshields and lift off the roof to place all 3 minfigures inside.
Space station features a cosmic power source, 2 energy coils, weapon reveal function, and the Infinity Stone element and stand.
Includes Rocket's gun and Groot's extended vine arm element.
Also includes 10 assorted translucent-blue Power Burst elements to customize your builds and minifigures.
Escape Pod can be connected to The Guardians’ Ship in 76107 Thanos: Ultimate Battle.
Recreate thrilling scenes from the Marvel Super Heroes Avengers: Infinity War movie.
Escape Pod measures over 2” (7cm) high, 5” (13cm) long and 4” (11cm) wide.
Space station measures over 1” (5cm) high, 2” (7cm) wide and 3” (8cm) deep.",19.99,223.0,5-12,Easy
Marvel Super Heroes,Outrider Dropship Attack,"Join Captain America and Black Widow’s battle to repel the Outriders and save Wakanda with this action-packed LEGO® Marvel Super Heroes 76101 Outrider Dropship Attack set!
Includes 4 minifigures: Captain America, Black Widow and 2 Outriders.
Dropship features an opening dual minifigure cockpit with the Infinity Stone element on a stand, foldout sides and 2 stud shooters.
Weapons include Captain America’s 2 Wakandan Shields and Black Widow's 2 batons.
The new-for-March-2018 Outrider minifigures each have 6 arms.
Recreate thrilling scenes from the Marvel Super Heroes Avengers: Infinity War movie.
Dropship measures over 4” (12cm) high, 2” (7cm) long and 2” (6cm) wide, and 1” (4cm) high, 7” (19cm) long and 9” (23cm) with sides folded out.",14.99,124.0,5-12,Easy
Star Wars™,Imperial Patrol Battle Pack,"Play out Imperial law-enforcing scenarios with this imposing LEGO® Star Wars Imperial Patrol Battle Pack. Featuring a speeder with stud shooters, an Emigration Officer, Recruitment Officer and 2 Imperial Patrol Troopers, this Star Wars toy has everything your budding Imperial officer needs to keep their Star Wars minifigure collection under control!
Includes 4 minifigures: an Imperial Recruitment Officer, Imperial Emigration Officer and 2 Imperial Patrol Troopers.
Features a speeder with a minifigure seat and 2 stud shooters.
Also includes 4 stud blasters for the minifigures.
This LEGO® Star Wars toy is suitable for ages 6-12.
Speeder measures over 1” (3cm) high, 5” (13cm) long and 1” (5cm) wide.",14.99,99.0,5-12,Easy
Star Wars™,Jedi™ and Clone Troopers™ Battle Pack,"Command your own LEGO® Star Wars Jedi & Clone Trooper squad with this fun battle pack, featuring 2 Lightsaber-wielding Jedi warriors, 2 Clone Troopers with stud blasters and a speeder with stud shooters and rotating wingtip guns.
Includes 4 minifigures: Ki-Adi Mundi, Barriss Offee and 2 Clone Troopers.
Features a speeder with opening canopy and space for a Clone Trooper inside, 2 stud shooters and rotating guns on the wingtips.
Weapons include 2 stud blasters for the Clone Troopers and 2 Lightsabers.
This LEGO® Star Wars toy is suitable for ages 6-12.
Speeder measures over 1” (5cm) high, 3” (10cm) long and 4” (12cm) wide.",14.99,102.0,5-12,Easy
Disney™,Mulan's Training Day,"LEGO® l Disney Mulan’s Training Day is easy to build and perfect for recreating favorite moments from the movie. Train hard using the turning training dummy, and sword and catapult with boulders, before taking a break with her foal, Khan. This LEGO® l Disney toy for girls and boys includes lots of beautiful and authentic details, including Mulan's yellow dress, her fan and a tea ceremony. Get creative using the modular design to easily move and swap sections within the model, or integrate the family temple with other compatible LEGO l Disney sets to build your own dream creations. Includes a mini-doll figure plus a horse figure.
Includes a Mulan mini-doll figure, plus Khan the horse figure.
Features a family temple, turning training dummy, catapult, tea ceremony and a cherry blossom tree.
Accessory elements include a sword, boulders, fan, teapot and a teacup.
Customize the set by easily swapping and rearranging internal features such as the tea ceremony, catapult and cherry blossom tree.
Combine, swap and mix this model with other compatible LEGO® l Disney toys to build your own dream creations.
Take aim at the training dummy with the catapult, and use the turn function to make it spin as Mulan practices her sword skills.
Help Mulan perform a tea ceremony and cool her down with the cute fan.
This toy for girls and boys is suitable for ages 5-12.
Family Temple measures over 4” (12cm) high, 2” (6cm) wide and 2” (6cm) deep.",14.99,104.0,5-12,Average
Marvel Super Heroes,Iron Man vs. Ultron,"Team up with Iron Man MK45 to take on the Ultron army in an ultimate battle! Defend against aerial attacks from the Ultron vehicle piloted by the Ultron Sentry Officer. Take cover as Ultron Sentries leap from the back of the vehicle and fire their stud shooters. Then activate Iron Man’s Super Jumper to topple the Ultron Sentry Officer and bring the vehicle crashing to the ground! Includes 4 minifigures with assorted weapons and accessories: Ultron Sentry Officer, 2 Ultron Sentries and Iron Man MK45.
Includes 4 minifigures with assorted weapons and accessories: Ultron Sentry Officer, 2 Ultron Sentries and Iron Man MK45
Ultron vehicle features 2 antennas, adjustable wings and attachment points for Ultron Sentries
Weapons include 2 stud shooters
Accessories include Iron Man’s iconic helmet, thrusters and Super Jumper (new for spring 2015), and the Ultron Sentries’ thrusters
Take on the Ultron army with Iron Man MK45
Dodge the Ultron Sentries’ stud shooters
Topple the Ultron SentryOfficer with super-jumping Iron Man!
Ultron vehicle measures over 5” (8cm) high, 3” (10cm) long and 3” (10cm) wide",12.99,92.0,5-12,Easy
Marvel Super Heroes,Mighty Micros: Spider-Man vs. Scorpion,"Role-play a daring duel between Spider-Man and his venomous enemy Scorpion. Scorpion’s Mighty Micros car features movable pincers and tail with sting, while Spider-Man’s blue and red buggy features exhaust pipes. The super villain also has a mini-scorpion to match Spider-Man’s mini-spider. Includes two minifigures with mini legs.
Includes Spider-Man and Scorpion minifigures with mini legs.
Move the tail and pincers of Scorpion’s Mighty Micros car and attack Spider-Man!
Scorpion’s Mighty Micros car features dual pincers and a tail with sting.
Accessory elements include a mini-scorpion and a mini-spider.
This set offers an age-appropriate build and play experience for ages 5-12.
Spider-Man's Mighty Micros car measures over 1” (3cm) high, 1” (5cm) long and 1” (4cm) wide.
Scorpion's Mighty Micros car withclaws retracted measures over 2” (6cm) high, 1” (5cm) long and 1” (5cm) wide.",9.99,79.0,5-12,Easy
Disney™,Castle Interior Kit,"Make your castle fit for a princess with this LEGO® l Disney Castle Interior Kit, featuring small, buildable castle furniture and household items, assorted decorative accessory elements, a fabric rug and blanket, plus decorative stickers. Rebuild the furniture to make alternative items using the pictures for inspiration. Use this kit to customize your LEGO® l Disney building toys and inspire even more role-play fun.
Features small, buildable castle furniture and household items, assorted decorative accessory elements, a fabric rug and blanket, plus a sheet of decorative stickers.
Rebuild the furniture to create alternative items.
Transform the interiors of your existing LEGO® l Disney models.
Combine with the 40388 Mini-Doll Dress-Up Kit to create even more play possibilities for your LEGO® l Disney sets.",9.99,115.0,6+,Easy
Disney™,Mini-Doll Dress-Up Kit,"Kit out your mini-doll figures in Disney Princess style with the LEGO® l Disney Mini-Doll Dress-Up Kit, featuring a buildable sewing machine, dressing table, vanity table with chair and a clothes rack, plus assorted accessory elements. Use this kit to customize your LEGO® l Disney sets and inspire even more role-play fun.
Features various small builds including a sewing studio with buildable sewing machine, dressing table, vanity table with chair, clothes rack, 4 fabric capes and a fabric skirt to fit a mini-doll (not included), plus assorted accessory elements.
The perfect addition to your LEGO® l Disney play sets.
Combine with the 40307 Castle Interior Kit to create even more play possibilities for your LEGO® l Disney sets.",9.99,80.0,6+,Easy
Marvel Super Heroes,Mighty Micros: Wolverine vs. Magneto,"Stage a mutant-powered battle between Wolverine and Magneto. Wolverine has long claws and a Mighty Micros jet featuring extendable wings to help him escape being pulled in by Magneto’s magnet-shaped car and magnetic powers. Includes 2 minifigures with mini legs.
Includes Wolverine and Magneto minifigures with mini legs.
Wolverine’s Mighty Micros jet features 4 movable wings.
Magneto’s Mighty Micros car features a classic magnet shape at the rear.
Use Wolverine’s claws to swipe at Magneto.
Accessory elements include Magneto's decorated-translucent magnetic power.
This set offers an age-appropriate build and play experience for ages 5-12.
Wolverine's Mighty Micros jet with wings folded in measures over 1” (3cm) high, 1” (5cm) long and 1” (4cm) wide.
Magneto’s Mighty Micros car measures over 1” (3cm) high, 1” (5cm) long and 1” (4cm) wide.",9.99,85.0,5-12,Easy
Marvel Super Heroes,Mighty Micros: Iron Man vs. Thanos,"Play out a fun Mighty Micros battle between two powerful rivals. Iron Man’s car features rear rocket thrusters for fast-play action and includes a wrench to dismantle his enemy’s car. Thanos’ Mighty Micros car features five Infinity gem elements and movable front fingers that resemble the Infinity Gauntlet. Includes two minifigures with mini legs.
Includes Iron Man and Thanos minifigures with mini legs.
Thanos’ Mighty Micros car features five movable fingers and five Infinity gem elements.
Iron Man’s Mighty Micros car features dual rear rocket thrusters.
Use Iron Man’s wrench to dismantle Thanos' Infinity Gauntlet-style car!
Accessory elements include Iron Man's wrench and boosters, and Thanos' Infinity Gauntlet.
This set offers an age-appropriate build and play experience for ages 5-12.
Iron Man's Mighty Micros car measures over 1” (3cm) high, 1” (5cm) long and 1” (4cm) wide.
Thanos’ Mighty Micros car measures over 1” (3cm) high, 1” (5cm) long and 1” (5cm) wide.",9.99,94.0,5-12,Easy
Marvel Super Heroes,Mighty Micros: Thor vs. Loki,"Stage a sibling showdown with this fun LEGO® Marvel Super Heroes Mighty Micros: Thor vs. Loki set, featuring Thor’s Mighty Micros car with adjustable wing elements and Loki’s Mighty Micros car with Viking horn elements. Loki is equipped with a scepter and Thor has his iconic Mjölnir hammer to add to the role-play action. This fun superhero toy for kids includes 2 minifigures with mini legs.
Includes Thor and Loki minifigures with mini legs.
Thor’s Mighty Micros car features 2 adjustable wing elements.
Loki’s Mighty Micros car features 2 silver-colored Viking horn elements.
Weapons include Thor’s Mjölnir hammer and Loki’s scepter.
Accessory elements includes Thor's cape and Loki's helmet.
Multiple Mighty Micros sets to collect, including 76089 Mighty Micros: Scarlet Spider vs. Sandman and 76090 Mighty Micros: Star-Lord vs. Nebula for even more battle fun.
This fun superhero toy for kids is suitable for ages 5-12.
Thor’s car measures over 1” (4cm) high, 2” (6cm) long and 2” (6cm) wide.
Loki’s car measures over 1” (5cm) high, 2” (6cm) long and 1” (4cm) wide.",9.99,79.0,5-12,Easy
